order_id,order_item_id,product_id,seller_id,customer_id,status,delivery_delay_days,item_price,freight_value,total_item_value,category_en,volume_cm3,score,comment_title,comment_message,sentiment_label,sentiment_score,topics_top3,complaint_reason,complaint_severity,expectation_mismatch,mismatch_reason,experience_summary
1bb89d713790b13c538111b4e0e8c80f,1,94475071013412139f862c0bd7e3bb37,955fee9216a65b617aa5c0531780ce60,89f02b0138f4585547efe6007692639f,delivered,-12.0,39.99,8.72,48.71,stationery,6776.0,4.0,,muito bom,negative,-0.9802194237709045,"customer service, product quality, price/value",customer service,high,True,Review indicates unmet expectations," muito bom bom bom, bom bom. muitor. bom. bom ."
2ae6d828f4cf351ecb662a1f2c30aa93,1,2a27bdf5d36c733df107a86e44370254,382229d1e840115ffe3dbf5ff460e417,f1a9c96003c11814dc06fbe8f0ceed08,delivered,7.0,49.9,37.04,86.94,health_beauty,3240.0,5.0,recomendo,"apesar da paralisa√ß√£o dos caminhoneiros no final de maio, o produto chegou no final do prazo sugerido no sistema. foram bem atenciosos no sistema de sac quando perguntei com rela√ß√£o ao envio.",negative,-0.9902712106704712,"delivery delay, damaged product, customer service",delivery delay,high,True,Delivery delay: 7 days, O produto chegou no final do prazo sugerido no sistema. apesar da paralisa√ß√£o dos caminhoneiros .
7a2caaaf6f039835babfdf9aea003412,1,4de0f4caa802cd42528a25232c915283,1284de4ae8aa26997e748c851557cf0e,67791ff8866a89d326226f73fa8eec51,delivered,-6.0,749.99,39.05,789.04,watches_gifts,3240.0,2.0,,"estou insatisfeito com a compra, poque depois de feito, as lannister, saiu da negociac√£o,|transferindo tudo p a targaryen, que trazia informac√µes desencontradas, e n√£o encaminhou a nota fiscal de venda.i",negative,-0.9843966364860535,"missing parts, customer service, product quality",missing parts,medium,True,Review indicates unmet expectations," A targaryen, que trazia informac√µes desencontradradas, n√£o encaminhou a nota fiscal de venda . estou ins"
a4ee9df6b5f93107253c0a18145b1e51,1,9e261f5543c32312afa68843fabcc119,a5cba26a62b8b4d0145b68b841e62e7f,3f0c330a3f0a8a77a3faf9faae9e795f,delivered,-15.0,530.0,24.1,554.1,pet_shop,34776.0,3.0,,muito bom,negative,-0.9802194237709045,"customer service, product quality, price/value",customer service,high,True,Review indicates unmet expectations," muito bom bom bom, bom bom. muitor. bom. bom ."
63a1e75d65a3dcb40d5f452a248e9680,1,84f456958365164420cfc80fbe4c7fab,4a3ca9315b744ce9f8e9374361493884,9f3ba8ca881a4d8641dae98f8bb8ee7e,delivered,-7.0,84.9,14.9,99.8,bed_bath_table,20944.0,5.0,,produto com boa qualidade e entregue antes do prazo.,negative,-0.9551739692687988,"product quality, customer service, packaging",product quality,high,True,Review indicates unmet expectations, produto com boa qualidade e entregue antes do prazo do pazo .
4c480567d1db63cffddc552638c35d8f,1,64fb265487de2238627ce43fe8a67efc,4a3ca9315b744ce9f8e9374361493884,9b74cd824a37742f10285243d2c0ad7f,delivered,-12.0,79.9,10.29,90.19,bed_bath_table,20944.0,2.0,,"na nota veio descrito 4 produto sendo que quando abri veio 3, espero que esteja a caminho",negative,-0.9779047966003418,"delivery delay, product quality, missing parts",delivery delay,medium,True,Review indicates unmet expectations," na nota veio descrito descrito 4 produto sendo que quando abri veio 3, espero que he ispero that he is on a c"
061e6ce7ec63fcace40d4ae11584763c,1,7977b70dccf5fb91ef5787ea38c36c45,2d2c62bef4c8ba0dd74e0e228e808539,3b249b017d15eee7d092ddd5cfae4fa4,delivered,-20.0,210.0,18.38,228.38,cool_stuff,18750.0,5.0,,mto satisfeito com os servi√ßos obrigado,negative,-0.9909629225730896,"customer service, product quality, refund/return",customer service,medium,True,Review indicates unmet expectations, O. mto satisfeito com os servi√ßos obrigado .
0ce3dcca0c123ec98cc73a514f7e9922,1,bb5fc9090888f494938ab2b3c90dda7a,b561927807645834b59ef0d16ba55a24,a04cf226c7a48fb4e95019bded0ea863,delivered,-16.0,21.2,19.06,40.26,stationery,1056.0,5.0,rapidez,entrega antecipada e produto bem guardado.,negative,-0.619104266166687,"product quality, refund/return, customer service",product quality,medium,True,Review indicates unmet expectations, Entrega antecipada e produto bem guardado . entrega de produto entregada de m√°s thanco .
c8c07db73aea73f15237a4eb11867551,1,4aa6014eceb682077f9dc4bffebc05b0,b8bc237ba3788b23da09c0f1f3a3288c,b177b85f1efece7e6e46386b9e86699d,delivered,-11.0,252.0,46.22,298.22,housewares,53400.0,5.0,,"continuo comprado com o 
stark",negative,-0.768768846988678,"damaged product, price/value, product quality",damaged product,high,True,Review indicates unmet expectations, O.S. continuo com o stark contrasto com a stark contrast to the reality of the world .
f9dba21dfbb520ed911cebc91688195e,1,19c91ef95d509ea33eda93495c4d3481,06a2c3af7b3aee5d69171b0e14f0ee87,66f5f0aa56c7ad916e7292066fde6c06,delivered,-12.0,114.99,29.83,144.82,health_beauty,5700.0,5.0,1000000,muito bom,negative,-0.9802194237709045,"customer service, product quality, price/value",customer service,high,True,Review indicates unmet expectations," muito bom bom bom, bom bom. muitor. bom. bom ."
10c651c81fd0bec26524dab0e94090a5,1,6e59a5107a6102148b438cb33d5a2529,6cd68b3ed6d59aaa9fece558ad360c0a,3ea9d5100acf2b7ffe45e68b545c36e6,delivered,-20.0,109.9,16.21,126.11,luggage_accessories,34650.0,5.0,,"a mochila √© mais bonita que na foto, um tamanho √≥timo e tem as divis√µes bem espa√ßosas. adorei!!! a entrega foi bem antes da prevista. lannister e targaryen de parab√©ns!!!",positive,0.6997459530830383,"product quality, customer service, price/value",none,high,True,," a mochila is mais bonita than na foto, um tamanho √≥timo e tem as divis√µes bem espa√ßosas"
b71a346a5ffc19181e7d858997b31360,1,bbbf1bcea60c934fa6237fe10476c475,dbc22125167c298ef99da25668e1011f,d7807626037093a489ab8dd97adca42e,delivered,-20.0,81.4,15.42,96.82,stationery,34452.0,5.0,,"espetacular a mochila, atendeu minhas expectativas.",negative,-0.9954356551170349,"product quality, customer service, missing parts",product quality,high,True,Review indicates unmet expectations," Atendeu minhas expectativas. espetacular a mochila, atendeu minimalis expectativa ."
40943871fddded9badd0c7a30758807c,1,32cb6749793d719633c12cfa2df51268,ececbfcff9804a2d6b40f589df8eef2b,e7a6d5ec5bf53d5a915f9a24c0ec7ebb,delivered,-10.0,97.99,12.19,110.18,watches_gifts,2100.0,5.0,,"veio tudo correto, bem embalado, organizando, amei a case de guardar o √≥culos üòç e o √≥culos tbm √© muito lindo e delicado. √© s√≥ ter cuidado ao colocar para n√£o quebrar.",negative,-0.9797084927558899,"damaged product, product quality, customer service",damaged product,high,True,Review indicates unmet expectations," √≥culos tbm √© muito lindo e delicado . veio tudo correto, bem embalado, organizando, amei"
2fd592f3553f88b7489e09179c93f261,3,ebe8bbf509715e46f138ac98b1cbb12e,4a3ccda38b2129705f3fb522db62ca31,13f798d5b61ca9fbce91d7d2732080b1,delivered,-17.0,65.9,11.96,77.86000000000001,home_construction,3808.0,5.0,,tudo ok!,positive,0.9953358769416809,"customer service, product quality, refund/return",none,medium,False,," ""Tudo is ok. tudo ok! tudo is fine. tredo ok!!"" he said ."
3bb7de438f6b9bd4c744381f15e6a23f,1,99aa268744e2967e0ed6d3b22a38eff2,52562a9f449c3dc3d53f5f5b9ed74903,c160bdb0a9681910cb625afdd993a8c5,delivered,-22.0,94.9,15.42,110.32,sports_leisure,9912.0,5.0,,site confi√°vel. recomendo comprar. entrega r√°pida e dentro do prazo. agrade√ßo muito pela dedica√ßao ao cliente.,negative,-0.983715832233429,"customer service, product quality, price/value",customer service,medium,True,Review indicates unmet expectations, Agrade√ßo muito pela dedica√ßao a cliente. recomendo comprar. entrega r√°pida e dentro do prazo
81fd689a1dae218d934b58243480b726,2,f3fad6d734fb27bf8a548562e04f9a5e,609e1a9a6c2539919b8205cf7c4e6ff0,1bc71b602df36cf88f5f670d787f4f34,delivered,-19.0,73.9,27.25,101.15,bed_bath_table,7429.0,3.0,jogo de lencol,"recebi por enquanto apenas um jogo de lencol 
jogo de len√ßol casal king imperial 04 pe√ßas percal 180 fios ponto palito - caqui",negative,-0.9706430435180664,"missing parts, delivery delay, wrong item",missing parts,medium,True,Review indicates unmet expectations, Apenas um jogo de lencol jogo of lencol . Jogo de casal king imperial 04 pe√ßas percal 180 fios ponto palito - ca
b5946695c1837e21323da65699b4e187,1,ae28fd7a149b08a60309551e235d56f4,b18dc380845b24038cfc48006478f099,c5591b513c6105e3a30573e90938b384,delivered,17.0,44.89,20.4,65.28999999999999,health_beauty,4368.0,1.0,,"meu pedido ainda n√£o foi entregue e ta com dois dias de atraso,isso √© um absurdo.",negative,-0.9938148260116577,"missing parts, delivery delay, damaged product",missing parts,high,True,Delivery delay: 17 days," meu pedido ainda n√£o foi entregue e ta com dois dias de atraso,isso √© um absurdo,‚Äôsso √©"
663daea291a5e96f0bc5db3b67a72b5c,1,35afc973633aaeb6b877ff57b2793310,4a3ca9315b744ce9f8e9374361493884,71a06801bc27c0d2314e8c7deab81adf,delivered,-9.0,89.9,13.65,103.55,home_confort,21200.0,5.0,,"foi entregue a toalha marron a vermelha n√£o veio,e a nota estava com a toalha ,como fa√ßo agora ,pois preciso da toalha e nada ,fica dif√≠cil desta forma continuar cliente de voc√™s.",negative,-0.9808330535888672,"damaged product, customer service, missing parts",damaged product,high,True,Review indicates unmet expectations," A toalha marron a vermelha n√£o veio,e a nota estava com a toalhha e nada . Nota is preciso da"
c77ede410bfde247ebf9220aea6ca49a,1,6eb70dfb283dc3f645ed7b03c990dc72,7d13fca15225358621be4086e1eb0964,83203e5e083ec21517f51040864527dc,delivered,-12.0,55.0,12.83,67.83,audio,2717.0,5.0,,"muito satisfeito, recomendo a todos.",negative,-0.9871735572814941,"customer service, refund/return, product quality",customer service,high,True,Review indicates unmet expectations, At least one of the world's most important things to do is go out of control .
afde95a684781b6fa700b1e2fc79416c,1,3dd2a17168ec895c781a9191c1e95ad7,de722cd6dad950a92b7d4f82673f8833,ab23995b2f7c718cd8c3b812ffd4d2e5,delivered,-14.0,149.9,27.59,177.49,computers_accessories,4840.0,5.0,,recomendo est√° loja.,positive,0.8298327922821045,"damaged product, refund/return, missing parts",none,low,True,, Recomendo est√° loja. recomendendo esta loja . Recomendos estososos .
ab0ace3eac748a915e3dec4d62898f76,1,6a1a04054158fe995e1688d8f79605b2,9616352088dcf83a7c06637f4ebf1c80,1145b7e7701544cc110cf11f0f5462bb,delivered,-24.0,59.9,17.99,77.89,sports_leisure,45000.0,1.0,,veio faltando um produto eu pedi 2 unidades e chegou somente uma.gostaria de saber o que aconteceu com o outro porque estou pagando 2 produtos e recebi somente um?,negative,-0.9776526689529419,"missing parts, delivery delay, customer service",missing parts,medium,True,Review indicates unmet expectations, veio faltando um produto eu pedi 2 unidades e chegou somente uma uma . Eu pagando 2 produtos e rece
0e4947343ae2d8c37f2fc453e057c567,1,41f6fd456756328fcd5fe7c04bf8e335,9baf5cb77970f539089d09a38bcec5c3,2f2b7e0bd3898741386cc70f3b62f52d,delivered,-8.0,64.99,8.29,73.28,housewares,2016.0,5.0,bom,bom,negative,-0.5819898843765259,"wrong item, damaged product, delivery delay",wrong item,high,True,Review indicates unmet expectations, bom bom bom. bom bom . bom bom in the U.S. State Department .
a794a761cfa371bfef4a514d8597898a,1,3779f2d78a8cc041bcce56232d83befb,6338ea67c41078a46ad99cc009654956,a32fc86b243a069dcdede4aa11b29aea,delivered,-15.0,69.2,38.03,107.23,auto,5780.0,5.0,,ok,positive,0.9997851252555847,"refund/return, customer service, missing parts",none,medium,True,," ok. ok. OK. ok . ok . OK. OK . ok. Ok . OK . OK, ok . Ok . ok OK . Ok. ok OK. Ok. OK"
575d1ab8d021ded6ab9bd7340d7b7b42,1,12b5c5d13512ad7cae70181fc503f42e,1d4587203296c8f4ad134dc286fa6db0,f7a1760cb5d8ea758cf8acc50942535e,delivered,-1.0,95.9,7.93,103.83,auto,1936.0,5.0,,produto entregue 1 dia antes do prazo. otimo servi√ßo..,positive,0.7555642127990723,"delivery delay, customer service, product quality",none,medium,True,, produto entregue 1 dia antes do prazo . otimo servi√ßo .
9bd1b16f0da3ab4e8407a76b1d97be22,1,f89594c3583443e5e0d464e97284835d,530ec6109d11eaaf87999465c6afee01,10f16bdcf86ffb64a469edf9cc2994f2,delivered,-25.0,74.9,15.27,90.17,cool_stuff,3528.0,1.0,,"eu solicitei uma f√¥rma de bolo para uma fritadeira el√©trica, e na descri√ß√£o na compra informou o modelo da fritadeira no site, mas me entregaram uma forma min√∫scula para outro tipo de fritadeira.",negative,-0.987747073173523,"wrong item, customer service, missing parts",wrong item,medium,True,Review indicates unmet expectations, eu solicitei a f√¥rma de bolo para uma fritadeira el√©trica . eu solicitu√ß√£o informou o modelo da f
7433b1786e1af2042c2c4c76d3e4b750,1,964dd0fcba2ca4eff8e31ec74a77d41d,259f7b5e6e482c230e5bfaa670b6bb8f,df405fe9da5c36c37d10ca087ef51ecd,delivered,-17.0,35.99,11.73,47.72,bed_bath_table,12000.0,2.0,,razo√°vel. achei a manta muito fina.,negative,-0.9932494163513184,"damaged product, product quality, customer service",damaged product,high,True,Review indicates unmet expectations," R. razo√°vel. achei a manta muito fina . achei: ""I'm not sure what I'm doing, I'm sure I'm not"
510c373425eabae593ad4cb8953d60f0,1,dbb4ce89c8ed5fb6fd901e2e51093179,91f848e9f4be368f4318775aac733370,6668327c4285ae69687ecc0b3cd7c888,delivered,-17.0,89.99,16.88,106.87,housewares,30000.0,3.0,,"produto muito bom, recomendo.",negative,-0.9659789800643921,"product quality, refund/return, customer service",product quality,high,True,Review indicates unmet expectations," produto muito bom, recomendo. produto ."
4e587ca33ad0c0f0ad2e445c30698ed8,1,e5f20b4eb944eaae0a13bed3187201d3,8daab2245ebdc277c51098d01c5ad8ef,6bd9e09f124d408482b182fd9903d5ee,delivered,-20.0,92.0,19.61,111.61,costruction_tools_tools,3276.0,5.0,super recomendo,chegou bem embalado e antes do prazo previsto.,negative,-0.7381910681724548,"damaged product, delivery delay, missing parts",damaged product,low,True,Review indicates unmet expectations, A. chegou bem embalado e antes do prazo previsto. Chegou  embalada bemembalado .
d67fdefdd78c824692a1f0cab56e71c5,1,389d119b48cf3043d311335e499d9c6b,1f50f920176fa81dab994f9023523100,a8cf4ecb273e117353b346df0f23d3b8,delivered,-17.0,53.9,21.35,75.25,garden_tools,32560.0,3.0,lindo por√©m fr√°gil.,"o pendente √© lindo, vermelho super brilhante igual na foto mesmo, por√©m o alum√≠nio √© muito fino e fr√°gil, se tivesse visto o material antes provavelmente n√£o teria optado por ele",negative,-0.900753378868103,"product quality, damaged product, wrong item",product quality,high,True,Review indicates unmet expectations," o pendente √© lindo, vermelho super brilhante igual na foto mesmo, por√©m o alum√≠nio is muito fino"
d33ed17c28104a5821b0aed3fd7323d0,1,b248cbdf748a977cdf76991dd59fc429,d97df38225e5abadaff1e72cb72b823c,6cd040460d7a32fa711a4da0dc30f187,delivered,-18.0,15.0,16.79,31.79,auto,1232.0,5.0,,recomendo!,positive,0.9947959780693054,"refund/return, missing parts, damaged product",none,high,True,, CNN.com will feature iReporter photos in a weekly Travel Snapshots gallery . Please submit your best shots for next week's gallery of snapshots of your favorite destinations .
ac190835077b797903f673fa82dc753c,1,71a7800a633691de8ecdd17463335e2e,f80edd2c5aaa505cc4b0a3b219abf4b8,3e4e3a8af8ec36881f2c1e8f10d4cdd3,delivered,-20.0,67.9,15.24,83.14,costruction_tools_garden,9600.0,5.0,,achei o produto de √∂tima qualidade.,negative,-0.9531787633895874,"product quality, price/value, packaging",product quality,high,True,Review indicates unmet expectations, achei o produto de √∂tima qualidade de √ªtima. achei . achei no produto of √ºtima quality .
b6713a6dc00fb0473d12bd8b08a88cd0,2,fad6e383a24adeb5feea3cffb9d89661,ab27bbbad5239bc31a34709275a70db4,46da9ad64162a07e5830310786802dd1,delivered,-1.0,35.9,2.96,38.86,construction_tools_construction,3600.0,5.0,,"recomendo.produto bonito,pr√°tica instala√ß√£o e de excelente qualidade.",positive,0.5712353587150574,"product quality, customer service, missing parts",none,high,True,," Produto bonito,pr√°tica instala√ß√£o e de excelente qualidade . Recomendo. recomendo . recomender.produto"
6baaa4f22af711c8b15dba8f8269edf8,1,c21390fcf82d68f3a008468547cc3e66,7178f9f4dd81dcef02f62acdf8151e01,f064dfebf1746622218a28ce2c345c48,delivered,-24.0,14.9,15.1,30.0,health_beauty,2816.0,4.0,,mto bom,negative,-0.954832136631012,"delivery delay, customer service, wrong item",delivery delay,medium,True,Review indicates unmet expectations, i. mto bom bom bom . i.mto bom . bom bom was bom bom in the 1970s .
64fee01b4774a493de37aafa79a3d434,1,1a06a6a66ab23d70e02b8f92650e268f,2a1348e9addc1af5aaa619b1a3679d6b,6f3a868402ca6c2fdf89a003fa9c49b2,delivered,46.0,7.9,17.35,25.25,home_confort,352.0,1.0,,produto n√£o foi entregue ainda pelos correios no √∫ltimo rastreio ainda ta em florian√≥polis sc por que foi enviado para o local errado a cidade certa e salvador j√° entrei em contato com vcs e me pedira,negative,-0.9822807908058167,"delivery delay, missing parts, damaged product",delivery delay,low,True,Delivery delay: 46 days, produto n√£o foi entregue ainda pelos correios no √öltimo rastreio ainda ta em florian√≥polis sc . prod
de27f484a71645943ecc7e3d7f7af5a8,1,a1cb1462efc950b4b8ed73ccbb5d2c7b,0241d4d5d36f10f80c644447315af0bd,9593bae47dfc03aa5a1f85dbcf03943a,delivered,-7.0,79.9,23.36,103.26,furniture_decor,10730.0,2.0,quadros entregues errado,"kit quadros vieram com medidas erradas
comprei com medidas 52x33
vieram com mefidas: 32x24",negative,-0.9853907823562622,"damaged product, missing parts, product quality",damaged product,high,True,Review indicates unmet expectations," kit quadros vieram com medidas erradas: 52x33 . kit quadroro quadros are quadros quadros: 32x24 quadros, 32x"
98a613c82d389a76b358d963e0390e33,1,23bcd6822a33df5534f9b290216eec1f,ac3508719a1d8f5b7614b798f70af136,5f7a7855218d7c079e31edb235f11638,delivered,-8.0,129.8,24.29,154.09,toys,43400.0,5.0,,entrega r√°pida. produto √≥timo,positive,0.8992941975593567,"product quality, refund/return, customer service",none,medium,True,, Entrega r√°pida. produto √≥timo. entrega . produto .
23b8bfc2f57aaf36121b2c631d5724b8,1,1b42d5d23103d5b706f8107ce7549920,e333046ce6517bd8bb510291d44f0130,437603511404b384fd51217b8f4672da,delivered,-14.0,109.0,16.52,125.52,small_appliances,8000.0,3.0,,"a loja entregou no prazo direitinho,mas confesso que esperava mais do produto.",negative,-0.9836345911026001,"delivery delay, customer service, missing parts",delivery delay,low,True,Review indicates unmet expectations," a loja entregou no prazo direitinho,mas confesso that esperava mais do produto ."
511c6d6720495f07b3130978eb5cd45c,1,57c580a8fbf3d8374b06bee7b6f4ce31,30a2f535bb48308f991d0b9ad4a8c4bb,a036032b7517080204f9882e751fd825,delivered,-9.0,49.9,15.1,65.0,furniture_decor,3750.0,5.0,,"envio e entrega r√°pida do produto, recomendo.",positive,0.8606678247451782,"refund/return, customer service, product quality",none,medium,True,," Recomendo. envio e entrega r√°pida do produto, recomendo ."
4bbdafbc757c7f5a88e6fea3d982fe90,1,34bd280578cc88e0e8591ba38e2dd7d2,31561f325664a8a7aba4c8d0c3a9b3db,ed105972a723ac27381b28a30286e859,delivered,-8.0,49.49,14.66,64.15,auto,36456.0,5.0,nota 10!!!,produto exatamente como esperado!!!,positive,0.9923772811889648,"product quality, customer service, price/value",none,high,False,, produto exatamente como esperado!
58729d1779fe85020c40886d6bb99fa4,1,7931ea69470092f7eb4a395d6360c0fe,ac3508719a1d8f5b7614b798f70af136,7f63e5417cd76d48e30a31d9669b04f0,delivered,-18.0,120.9,17.1,138.0,toys,43400.0,5.0,,a compra foi f√°cil de realizar e a entrega foi bem antes da data prevista.,negative,-0.8099297881126404,"customer service, product quality, price/value",customer service,medium,True,Review indicates unmet expectations, a compra foi f√°cil de realizar e a entrega foi bem antes da data prevista .
4886c3effdbdd559f0f727957b9af0bc,1,35afc973633aaeb6b877ff57b2793310,4a3ca9315b744ce9f8e9374361493884,8543a6864ebb4e1c380b2a33679d4df8,delivered,9.0,89.9,12.13,102.03,home_confort,21200.0,3.0,,"j√° fiz outras compras e nunca tive problema algum para receber a mercadoria, porem nessa ultima compra nem email com a confirma√ß√£o do pedido eu recebi espero que esta entrega seja breve.",negative,-0.9863402843475342,"delivery delay, customer service, missing parts",delivery delay,high,True,Delivery delay: 9 days, eu recebi espero que esta entrega seja breve . j√° fiz outras compras e nunca tive problema algum para
ee230b38900d26f6334311714d502d30,2,de72fab731d211f997cb9fac9d8151a1,b1a81260566c1bac3114a6d124413f27,2572c5aaa8f5391040fdb831e5bd3d1b,delivered,-30.0,59.9,18.3,78.2,furniture_decor,14812.0,1.0,,"eu comprei dois adesivos e s√≥ recebi um, mas como podemos resolver isso? fico no aguardo",negative,-0.9761249423027039,"missing parts, damaged product, customer service",missing parts,medium,True,Review indicates unmet expectations," eu comprei dois adesivos e s√≥ recebi um, mas como podemos resolver isso? fico no aguardo . e"
fc133aaee8b52f75e07158ff2b65a5d5,1,389d119b48cf3043d311335e499d9c6b,1f50f920176fa81dab994f9023523100,4419e2e728754cc482db00c14be62a61,delivered,-5.0,49.9,17.6,67.5,garden_tools,32560.0,3.0,,"o site terceirizado junto a lannister deveria apenas posicionarmos o rastreamento do produto. para ficarmos informados das posi√ß√µes do pedido, o resto esta ok prazo de entregas bem antes do previsto",negative,-0.9638237357139587,"damaged product, missing parts, product quality",damaged product,medium,True,Review indicates unmet expectations, Site terceirizado junto a lannister deveria apenas posicionarmos o rastreamento do produto .
9fbda7367628952bc36c3512c46d887b,1,b5b2072f757c9317caa9c32c3bbf393d,2138ccb85b11a4ec1e37afbd1c8eda1f,c4e670e1b3eddf57cd698f323332ba6c,delivered,-31.0,9.99,15.23,25.22,telephony,528.0,5.0,super recomendo,"gostei da capinha de celular, veio como eu esperava.",negative,-0.5090864300727844,"product quality, customer service, delivery delay",product quality,high,True,Review indicates unmet expectations," Gostei da capinha de celular, veio como eu esperava. gostei . Veio com aso ei esperva. g"
b5a38afc36fef9a2e97d2c96be884aea,1,909b87db6cb3a7ab26bd03cc59860136,de722cd6dad950a92b7d4f82673f8833,117cc0a31fd289de32c16f4dc9bd5c04,delivered,-14.0,40.0,16.79,56.79,computers_accessories,1920.0,1.0,,"comprei 3 intens e os correios s√≥ entregaram dois como segue:
pp 227 982 890 br
pp 227 982 909 br

at√© agora o 3¬∫ item nada.",negative,-0.9730344414710999,"missing parts, customer service, packaging",missing parts,high,True,Review indicates unmet expectations, At√© agora agora o 3¬∫ item nada. comprei 3 intens e os correios s√≥ entregaram dois como segue: pp 227
cd23f3689cab3a020096a36f849bcd20,1,bcb4f6803e8889a70dc5ed14c2f5f785,897060da8b9a21f655304d50fd935913,869d14fde517fd8a5fa8016fbf4f7103,delivered,-17.0,45.65,15.1,60.75,computers_accessories,2112.0,4.0,,"comprei cartucho compat√≠vel com a impressora deskjet 4580 , cartucho colorido 21 ml.
recebi com 17 ml e na embalagem n√£o consta o n√∫mero de minha deskjet. . o que fa√ßo ?",negative,-0.9912298917770386,"missing parts, wrong item, product quality",missing parts,low,True,Review indicates unmet expectations, Comprei cartucho compat√≠vel com a impressora deskjet 4580 . Recebi com 17ml e na embalagem n√£o consta o n√∫mer
e218234621ce56589ca6157a7cf827ac,1,0b148966d6d89f4ab8fd3472df4a8648,18a349e75d307f4b4cc646a691ed4216,5d5d1ea621e982d29cf41b788ba83f64,delivered,-9.0,24.66,8.72,33.38,home_construction,3520.0,2.0,,"bom dia
o produto veio danificado, como fa√ßo para troca?",negative,-0.8760381937026978,"damaged product, missing parts, product quality",damaged product,low,True,Review indicates unmet expectations," bom dia o produto veio danificado, como fa√ßo para troca?"
a5f860aaf6a3c35399495aefe92d363f,1,29b5add9129fe45fb3854c50cbd2765c,1d503743d2526f03f0c2c89540ee008c,3fc1728dbe8a2b9375d4b530b8932550,delivered,-13.0,17.86,7.39,25.25,auto,3315.0,5.0,"otimo, recomendo",recomendo a todos,positive,0.9101815223693848,"refund/return, missing parts, customer service",none,medium,True,, Recomendo a todos recomendos. recomendo todos . Recomendo a todo a toda .
b3fd6f1d726da32abced71e3fc845e35,4,0a56efd5f050d3f861a04c6f005d1128,48162d548f5b1b11b9d29d1e01f75a61,caf184e2b12a29d43ca80073ca4a5cdf,delivered,-15.0,284.0,15.55,299.55,home_construction,27000.0,1.0,,"o pedido foi entregue parcialmente, ficando faltando ainda tr√™s itens.",negative,-0.8152652978897095,"missing parts, delivery delay, customer service",missing parts,medium,True,Review indicates unmet expectations," o pedido foi entregue parcialmente, ficando faltando ainda tr√™s itens ."
cab899336401fd910bf645dc446d42de,1,33b22110fa818ff5f0c387a79f19b612,6b243f80ed07b10f0e8aa0f21a205f3c,fd452791b1243236afae2bad3e105f48,delivered,-14.0,54.9,15.82,70.72,sports_leisure,4096.0,1.0,,conforme j√° relatei anteriormente o produto adquirido veio pela metade. comprei dois kits de 4 unidades cada e s√≥ recebi um kit com 4 unidades.,negative,-0.9723261594772339,"product quality, missing parts, delivery delay",product quality,medium,True,Review indicates unmet expectations, produto adquirido veio pela metade . comprei dois kits de 4 unidades cada e s√≥ recebi um kit com 4unid
d5a0f66337a578c36b0091b8600a860f,1,1d04827ad9a5255800c08c3231a86639,9d4db00d65d7760644ac0c14edb5fd86,796f62577d52d0b9ef08fbd43ef53d45,delivered,-17.0,144.9,23.59,168.49,toys,52142.0,5.0,,lindo o beb√™. recomendo,positive,0.639177143573761,"customer service, product quality, delivery delay",none,low,True,," L. lindo o beb√™ recomendo recomendos. Recomendo o beeb√™ . Recomendo doi: ""Lindo do"
40480952d51c22285abc3b9a16595822,3,d3e112316bd3ae29280cec26bd3059fd,5a8e7d5003a1f221f9e1d6e411de7c23,0503eb802fe69a16beabc757cdfa27a7,delivered,-15.0,39.9,6.1,46.0,baby,7865.0,4.0,,gostei.,positive,0.5261686444282532,"wrong item, damaged product, product quality",none,high,True,," Gostei. gostei: ""Gosti. Gosti: ""I am happy to have a happy ending"""
a42e9f17e34277db56eae85c479c8426,1,01847cb3f55acfd629641e58e38e561e,955fee9216a65b617aa5c0531780ce60,a9fa62170275bae9e87b228bad3ba33c,delivered,-8.0,57.0,9.15,66.15,garden_tools,2040.0,5.0,tudo ok!,recebido com rapidez e o produto conforme anunciado.,negative,-0.852803647518158,"damaged product, product quality, customer service",damaged product,high,True,Review indicates unmet expectations, O produto. recebido com rapidez e o produto conforme anunciado . Recebido is a produto that conforms to anunci√£o anunci
b5b86cc01a292ac6d17c3db9fc5abe30,2,be837f2e0152a208d4386f4126d5bd7c,f8db351d8c4c4c22c6835c19a46f01b0,2429e9ebc35dc8f2631d7b47d12c3dd5,delivered,-19.0,32.9,15.1,48.0,home_appliances,4125.0,5.0,,entregue no prazo. mercadorias conforme anunciadas. ok.,negative,-0.9238325357437134,"missing parts, delivery delay, refund/return",missing parts,medium,True,Review indicates unmet expectations, Entregue no prazo. entregue . mercadorias conforme anuncias anunciadas. ok. mercadoras conforme to anunciada. merc
e9fd118cfbbc3ee32e556d653625271f,3,4cd6ba4ea3112de8fc238307c4dc6307,259f7b5e6e482c230e5bfaa670b6bb8f,5f870c404cc888022b6366af6219fbb7,delivered,-15.0,39.0,16.67,55.67,bed_bath_table,7000.0,1.0,,comprei tr√™s mantas. s√≥ uma chegou mas consta no site que todas foram entregues.,negative,-0.9904881715774536,"missing parts, delivery delay, wrong item",missing parts,low,True,Review indicates unmet expectations, Comprei tr√™s mantas. s√≥ uma chegou mas consta no site that todas foram entregues. comprei . s√≥
8451987578eed983c36e639e9753c917,1,557484a8965bdc4e548658239f7663fd,81a1104df0f08b59c68aa5b03cfe398e,60b2620611c1fd25c9d812a6850fdb4c,delivered,-15.0,149.9,50.71,200.61,garden_tools,15120.0,5.0,,qualidade.,positive,0.6319519281387329,"damaged product, wrong item, missing parts",none,low,True,, Qualidade. qualidade dolelei is a long-distance distance from Portugal and Spain .
066da535b01be4b26ca70864a62d92e1,1,25c38557cf793876c5abdd5931f922db,5dceca129747e92ff8ef7a997dc4f8ca,17575cf5c2a523e21115d818fd467253,delivered,7.0,1106.99,54.19,1161.18,baby,134292.0,1.0,insatisfeito,fiz a compra do carrinho de beb√™ do meu filho antecipadamente pensando que chegaria em tempo h√°bil e me encontro numa situa√ß√£o em que n√£o consigo devolver meu dinheiro e n√£o consigo receber o produto,negative,-0.9870254397392273,"delivery delay, wrong item, missing parts",delivery delay,medium,True,Delivery delay: 7 days, fiz a compra do carrinho de beb√™ do meu filho antecipadamente pensando that chegaria em tempo h√°bil . f
eac4ffbe456464bdc3ce5f001b6439c5,1,a298a105818dce6878b787e4af6cff7d,e26901d5ab434ce92fd9b5c256820a4e,237098a64674ae89babdc426746260fc,delivered,-20.0,79.9,14.73,94.63,baby,9000.0,5.0,,excelente. recomendo.,positive,0.9959558844566345,"customer service, product quality, price/value",none,high,False,, Recomendo. excelente excelente. recomendo . excelente .
fbb1a0e5c4ba183f6cac6076920dc097,1,d76c049f36a5b4975aa3cf095a6fa499,6973a06f484aacf400ece213dbf3d946,4e215db752d0c3ac49cdd2868b371587,delivered,-6.0,176.49,8.98,185.47,computers_accessories,4725.0,5.0,,"eficiente, dentro do prazo e comunica√ß√£o clara com o consumidor.",negative,-0.8838130235671997,"missing parts, customer service, delivery delay",missing parts,low,True,Review indicates unmet expectations," eficiente, dentro do prazo e comunica√ß√£o clara com o consumidor. eferticiente. e ficiente . com"
e8bbc1d69fee39eee4c72cb5c969e39d,1,310dc32058903b6416c71faff132df9e,0e44d110fa6a54e121cb2c095a77762f,184e8e8e48937145eb96c721ef1f0747,delivered,-8.0,2.29,7.78,10.07,stationery,1760.0,5.0,,ok,positive,0.9997851252555847,"refund/return, customer service, missing parts",none,medium,True,," ok. ok. OK. ok . ok . OK. OK . ok. Ok . OK . OK, ok . Ok . ok OK . Ok. ok OK. Ok. OK"
4385f30f644c4a6964dfef0a175611c3,1,54af11c815f92135fb554bd9c97dd418,004c9cd9d87a3c30c522c48c4fc07416,fd731dc437433b51a53811eefe992e99,delivered,-3.0,69.9,38.04,107.94,bed_bath_table,7250.0,4.0,,"fiz o teste assim q recebi e amei, oliquido nao vazou da capa e foi entregue no prazo, produto de otima qualidade e muito lindo ja comprei ate outro produto da loja to aguardo chegar super recomedo",negative,-0.9862228035926819,"product quality, customer service, refund/return",product quality,high,True,Review indicates unmet expectations," oliquido nao vazou da capa e foi entregue no prazo, produto de otima qualidade e muito lindo"
55ef6f0a902bfd07ab9dc7b2e5906607,1,54d9ac713e253fa1fae9c8003b011c2a,955fee9216a65b617aa5c0531780ce60,72b42984ec0c784fef6dd9f56948a4fb,delivered,-19.0,29.5,15.98,45.48,cool_stuff,7776.0,5.0,,"produto bem embaldo ,chgou antes do prazo 
tudo correto ...
recomendo",negative,-0.9668843150138855,"damaged product, product quality, delivery delay",damaged product,high,True,Review indicates unmet expectations," produto bem embaldo ,chgou antes do prazo tudo correto . Recomendo recomendo bemenduto ."
6d987387b063e94301514187b362d3f2,1,154e7e31ebfa092203795c972e5804a6,cc419e0650a3c5ba77189a1882b7556a,2f1630a0b27c5a05a9c4f22db8d2b2c5,delivered,-10.0,23.99,7.78,31.77,health_beauty,4500.0,1.0,,favor responder a tesoura de desfiar veio com defeito preciso trocar,positive,0.9626286625862122,"damaged product, refund/return, customer service",none,medium,True,, A. favor responder a tesoura de desfiar veio com defeito preciso trocar .
9ff74ab0bc3dadafbf2aa0aa674a9850,1,f457c5f0c72ba4cae17636c5174add2e,9646c3513289980f17226a2fc4720dbd,46ebe25079ad39b2802185eb61cc8708,delivered,-2.0,18.0,14.52,32.52,computers_accessories,1024.0,5.0,,tudo perfeito,negative,-0.9883154630661011,"refund/return, product quality, customer service",refund/return,high,False,," ""Tudo perfeito"" is a series of events that have taken place in the past year ."
bd096484b0f1df4cef2c0c39bbb512da,1,67bd616e1ba0d3d3e8545f3113b0140d,e9779976487b77c6d4ac45f75ec7afe9,1cf2beb1cf619aefa7b8eadcad164658,delivered,-19.0,14.49,12.79,27.28,health_beauty,5832.0,5.0,,"produto √≥timo,entrega super r√°pida,super indico",positive,0.9568331837654114,"product quality, customer service, packaging",none,high,True,," produto √≥timo,entrega super r√°pida,super indico,super¬†indicto ."
f6ba2b603300f7bd6e7014a602fae719,1,99bec487c37782c9e5e20d455970f5f2,aaed1309374718fdd995ee4c58c9dfcd,ce2ce80ecef0398901fbea650e59c2ad,delivered,-17.0,131.0,27.46,158.46,fashion_male_clothing,2800.0,1.0,,mudarei a avalia√ß√£o se tudo der certo .,negative,-0.9918970465660095,"product quality, customer service, refund/return",product quality,medium,True,Review indicates unmet expectations, mudarei a avalia√ß√£o se tudo der certo . Mudarei  ¬†muddlearei: ‚ÄòI‚Äôm sure I‚Äôll
27f34f7957260b0d9e561139a5752836,1,5d7c23067ed3fc8c6e699b9373d5890b,6560211a19b47992c3666cc44a7e94c0,a047fd04d7b42d53c6f321e077c6a037,delivered,-28.0,59.0,19.1,78.1,fashion_bags_accessories,640.0,4.0,√≥timo produto,"gostei muito,acabamento bom,cor bonita so o tamanho que √© maior que eu pensava",negative,-0.9171047806739807,"product quality, customer service, price/value",product quality,high,True,Review indicates unmet expectations," gostei muito,acabamento bom bom,cor bonita bonita so o tamanho que √© maior than eu pensava ."
d8337c037ad19b2a0b903ccfc3e06464,2,7dac8901a50cf3317d5372cbd3186ecd,6560211a19b47992c3666cc44a7e94c0,ca5d72f1c65589324e254fde9bf9b59e,delivered,-13.0,29.0,3.78,32.78,watches_gifts,352.0,1.0,,faltou produto. rel√≥gio com pingente torre eiffel.,negative,-0.9811449646949768,"missing parts, damaged product, delivery delay",missing parts,low,True,Review indicates unmet expectations, A. faltou produto. rel√≥gio com pingente torre eiffel .
c85dd5c7536e1f5767943db786f80a7d,1,54fe74dbe5e746273980739ad1d24c7d,d673a59aac7a70d8b01e6902bf090a11,69c5993132dcb1e0f06485913ed161f5,delivered,-7.0,299.9,67.18,367.08,baby,99000.0,2.0,regular,comprei por engano pois achei que era √° cama motessoriana no an√∫ncio dava para entender que era uma cama sendo assim pe√ßo que seja atendido √° minha solicita√ß√£o da devolu√ß√£o pois esse produto n√£o ser√°,negative,-0.9930047392845154,"refund/return, delivery delay, customer service",refund/return,medium,True,Review indicates unmet expectations, An√∫ncio dava para entender that era uma cama sendo assim pe√ßo que seja atendido √° minha solicita√ß√£o da
e124f7417ef3e8e007e0fe6993865f2d,1,f282b8032570cf3ce692b8ea7e1b6c53,e8b4225284fbb02d16f200513f1f395d,6b65f327f139a81fa2324938128d7467,delivered,-15.0,149.9,24.66,174.56,baby,49280.0,3.0,bom,o produto poderia ser melhor,negative,-0.9810396432876587,"product quality, price/value, customer service",product quality,high,True,Review indicates unmet expectations, O produto poderia poderia ser melhoroso .
6c32bbf8f06e00eccc363629a0ec6383,1,32c7991989ed600da3c3e313e96b440f,d91fb3b7d041e83b64a00a3edfb37e4f,83375fbd35401ea072dae5c4840878c7,delivered,-8.0,23.6,7.91,31.51,home_appliances,442.0,5.0,excelente,produto cumpre o prometido.,negative,-0.9171141386032104,"product quality, price/value, customer service",product quality,high,False,, produto cumpreos o prometido. produto . produto Cumpreo cumpres no prometidos . Compreo produto. prod
7488261a98cd6d7cf4407a8d6ed81095,1,50fd2b788dc166edd20512370dac54df,8b321bb669392f5163d04c59e235e066,641e3183819490fc29ced77d639e9379,delivered,8.0,21.9,14.1,36.0,electronics,6000.0,1.0,,o prazo j√° expirou e n√£o recebi o produto,negative,-0.9696041941642761,"missing parts, delivery delay, damaged product",missing parts,low,True,Delivery delay: 8 days, o prazo j√° expirirou e n√£o recebi o produto .
5f22a7ee1c317c6e6f25ebe122f66bdd,1,9c422a519119dcad7575db5af1ba540e,2b3e4a2a3ea8e01938cabda2a3e5cc79,cde6396076b1035d0daa4df503c2e102,delivered,-13.0,53.99,8.72,62.71,computers_accessories,8000.0,4.0,,recomendo,positive,0.9106765985488892,"refund/return, missing parts, damaged product",none,medium,True,, CNN.com will feature iReporter photos in a weekly Travel Snapshots gallery . Please submit your best shots for next week at CNN iReport.com/Travel .
57f6d3bb73ed5867cdf53c4acff3f994,1,8c591ab0ca519558779df02023177f44,a1043bafd471dff536d0c462352beb48,73afc72acd21df38d6370f85e399dc31,delivered,-14.0,99.0,49.71,148.71,garden_tools,8000.0,1.0,,rever a pol√≠tica de entrega,positive,0.8363162875175476,"refund/return, customer service, wrong item",none,medium,True,, rever a pol√≠tica de entrega a polices√≠mica of entregas. rever a¬†politician¬†decea. revert a poli√≠m
64958ed60e12bac04474ff739271a3b3,2,d692d19cee022f7acab76373f297ad6a,00ee68308b45bc5e2660cd833c3f81cc,bf239a3d9e5fab72059537d02b201d37,delivered,-5.0,119.0,20.08,139.07999999999998,bed_bath_table,59500.0,4.0,"recomendo, mas frete caro","recomendo, mas frete √© caro.",negative,-0.8901990056037903,"refund/return, missing parts, wrong item",refund/return,medium,True,Review indicates unmet expectations," Recomendo, mas frete √© caro. recomendo. Recomender, mas freete, es caro . Recomendos, caro, caros"
b247e9e61aeaf7a0176b58b04e321e8b,1,3e5201fe0d1ba474d9b90152c83c706c,8160255418d5aaa7dbdc9f4c64ebda44,cc35391e93d0dc939f561f411c5051fe,delivered,-15.0,122.9,16.62,139.52,bed_bath_table,4500.0,5.0,,tudo ok,positive,0.9945196509361267,"customer service, product quality, refund/return",none,medium,False,," ""Tudo is tudo ok. tudo is not a problem. It's a problem for a long time. It is a problem, it's a big problem. I'm"
e3ed33286490140b86ee2ac0bebe917a,1,9fd9505539e1c67c13e4ee824fc1e1cc,f46490624488d3ff7ce78613913a7711,d02e1d2d293df869586ab6929c8d3bba,delivered,-5.0,34.9,11.26,46.16,health_beauty,17576.0,1.0,erro na entrega,a entrega nao chegou correta completa,negative,-0.9681113362312317,"product quality, refund/return, customer service",product quality,medium,False,, a entrega nao chegou correta completa. a . entreg a nao . che gou corretea full of a . a . cheg
30b0387ec944061d4b677460b14309f0,1,06ddfdf210c7e0259854ee543215088d,1ca7077d890b907f89be8c954a02686a,b885371ff1e5310cbc46d0f3d1fbbc60,delivered,-16.0,35.0,15.23,50.23,,528.0,5.0,,produto excelente,positive,0.9984419941902161,"product quality, customer service, price/value",none,high,False,," produto excelente excelente . produto excea excelente: ""I'm a great athlete. I'm a good guy"""
cd3f264de33e6d5f97fc058f8fec3958,1,b40ec43bdfc6d6fdd65e882066a5c895,897060da8b9a21f655304d50fd935913,24019b02ac2d57c4bf8b1fb47d4d9682,delivered,-6.0,177.0,16.45,193.45,computers_accessories,6006.0,2.0,,"os produtos foram faturados em lojas diferentes, em resumo: 1 n√£o chegou e o outro que chegou veio na cor errada.
meu conselho e pe√ßam para enviar as mercadorias corretamente.",negative,-0.9778828024864197,"damaged product, delivery delay, wrong item",damaged product,medium,True,Review indicates unmet expectations, 1 n√£o chegou e outro veio veio na cor errada. meu conselho e pe√ßam para enviaras .
8ab9b41f4fa44e65eabf1c4139e415a6,1,86dbee9634f9942db02e1ac5bc7ded58,cd3d09fbe6e3e9ff0c0ac0c300e93ae7,bf90c9739e44dd9e3f1af117ba6ab250,delivered,-17.0,73.0,18.61,91.61,auto,3072.0,4.0,bom,bom,negative,-0.5819898843765259,"wrong item, damaged product, delivery delay",wrong item,high,True,Review indicates unmet expectations, bom bom bom. bom bom . bom bom in the U.S. State Department .
6f21315112f543e3009995c7d0391473,2,e1da6ab77f4859eb17950e5df1c0f815,dd7ddc04e1b6c2c614352b383efe2d36,070bca17bc76a393ba985b11b2f9deda,delivered,-16.0,49.9,26.43,76.33,pet_shop,22050.0,4.0,muito bom,produto muito bom,negative,-0.9661656022071838,"product quality, customer service, price/value",product quality,high,True,Review indicates unmet expectations, produto muito bom bom bom produto . Produ√ß√ßo produto is a produto bom bom .
a01a08ca0d8cf4c03ffd23029c091210,1,e0d64dcfaa3b6db5c54ca298ae101d05,2eb70248d66e0e3ef83659f71b244378,d9195d0325ce43bed923ee3edd6547e4,delivered,-41.0,124.9,9.23,134.13,watches_gifts,2856.0,3.0,falta de aten√ß√£o,"os produtos da loja targaryen s√£o de √≥tima qualidade e chega at√© antecipado de seu prazo previsto para entrega, por√©m, acredito que por falta de aten√ß√£o o modelo do meu rel√≥gio chegou errado.",negative,-0.9758092761039734,"wrong item, delivery delay, product quality",wrong item,low,True,Review indicates unmet expectations, Loja targaryen s√£o de √≥tima qualidade e chega at√© antecipado de seu prazo previstado .
808ee3e83e953036fd17d57aaa3d6a88,1,0ffd7e5d9372f67eb4346205f0cbcb2a,7c67e1448b00f6e969d365cea6b010ab,6ac34ca71b338a6c6f2a929bb5da5d5f,delivered,-14.0,99.98,33.56,133.54000000000002,furniture_living_room,70560.0,4.0,compra,chegou antes do prazo previsto.,negative,-0.9543375372886658,"delivery delay, customer service, damaged product",delivery delay,high,True,Review indicates unmet expectations," A. chegou antes do prazo previsto do pazo prioristo . Chegou: ""I'm sure I've got a lot of respect"
05108247830e6abf604da38aff20907f,1,a64f5291d8f2aa4d9d5f034a5c469dec,343e716476e3748b069f980efbaa294e,756f14b1558af7da091394b7abf48514,delivered,-13.0,22.9,7.39,30.29,books_general_interest,2808.0,5.0,√≥tima entrega,"foi entregue antes do prazo , adorei",positive,0.9786103963851929,"delivery delay, customer service, refund/return",none,medium,True,," foi entregue antes do prazo antes de pazo , adorei adorei. foi ."
e26e9f6ac81aba6e29fb44def001d695,1,466d263ce8b7bd275003ee2104428127,ef506c96320abeedfb894c34db06f478,254b177b6a8e7c54a3216c70c77453d4,delivered,-23.0,25.99,25.38,51.37,telephony,1152.0,5.0,,dentro do prazo como sempre,negative,-0.7563255429267883,"delivery delay, customer service, product quality",delivery delay,medium,False,, O. dentro do prazo como sempre do pazo comas sempreca√ßas .
8197c9f9b80d1f97dc41fc6b793e15c0,1,4ce9ab528124f89e091b17d11aa2e97c,7e3f87d16fb353f408d467e74fbd8014,207f1f6d3f964b39a1f0eae4a03ad746,delivered,-1.0,41.9,11.85,53.75,computers_accessories,2700.0,5.0,,"loja muito boa, confi√°vel, r√°pida na postagem pra entrega, recomendo muito!",negative,-0.9224920868873596,"product quality, customer service, packaging",product quality,high,True,Review indicates unmet expectations," loja muito boa, confi√°vel, r√°pida na postagem pra entrega, recomendo m√£o ."
5d245c97223bf9ad03cb5568dba7ea7f,1,82e4ad16521ca131d95e198d507db370,128639473a139ac0f3e5f5ade55873a5,734f171dd5a2ff5e2a21ac1dbb163b28,delivered,-15.0,18.9,13.47,32.37,electronics,3648.0,4.0,sem problemas,sem problemas com a entrega e com a compatibilidade do produto. em rela√ß√£o ao uso o controle n√£o possui teclas ao apertar ?macias? como um original.,negative,-0.9913491606712341,"wrong item, damaged product, missing parts",wrong item,high,True,Review indicates unmet expectations, O controle n√£o possui teclas ao apertar ?macias? como um original. sem problemas com a entrega e com a . compat
65650a09e390bf885b72172fb90348cf,1,2fe0cccc00239f01484b97ba65408800,a3a38f4affed601eb87a97788c949667,eca08a2a142685e81a822aff8d3df37b,delivered,-14.0,114.9,20.04,134.94,bed_bath_table,5880.0,5.0,,muito bom,negative,-0.9802194237709045,"customer service, product quality, price/value",customer service,high,True,Review indicates unmet expectations," muito bom bom bom, bom bom. muitor. bom. bom ."
e36352245dc5d4bb3260cd9e14025cac,1,0fce35c0b7338bda3e52e2389f0c0762,391fc6631aebcf3004804e51b40bcf1e,481dbdf8c1a918a2b475da7f8628ff19,delivered,-16.0,149.98,25.89,175.87,furniture_decor,15375.0,4.0,,muito bom,negative,-0.9802194237709045,"customer service, product quality, price/value",customer service,high,True,Review indicates unmet expectations," muito bom bom bom, bom bom. muitor. bom. bom ."
21af7328b2a40a3ece5491affde104fe,1,40e8b425d1a26e2d9cb77363523e05ce,d93919c944be9cff128f6c9cb899eacb,c29b0e9ba74c0fca0189b1b68436daf1,delivered,-6.0,79.9,18.45,98.35,christmas_supplies,18000.0,2.0,,boa tarde meu produto veio faltando pe√ßas e do tempo que compro pela lojas lannister sempre veio certinho e dessa vez n√£o,negative,-0.9832060933113098,"missing parts, damaged product, delivery delay",missing parts,low,True,Review indicates unmet expectations, Meu produto veio faltando pe√ßas e do tempo que compro pela lojas lannister sempre veio certinho .
c52c7fbe316b5b9d549e8a25206b8a1f,3,0e1fa2aadc04afbf8fb30200aeba06a2,7a241947449cc45dbfda4f9d0798d9d0,88324c93ce11436ae046563bf0da285c,delivered,-14.0,129.0,50.97,179.97,housewares,56000.0,1.0,,zero,negative,-0.9995637536048889,"missing parts, wrong item, refund/return",missing parts,low,False,," zero zero zero . zero zero. zero zero in the world . zero in a world of zero zero no. zero . Zero zero zero is zero zero when it comes to zero zero,"
36fe204caef0ee36f62366de0896a87f,1,5b8a5a9417210b1b84b67b9a7aefb935,f457c46070d02cadd8a68551231220dd,8bf4138fe28c4cdbe9e5ded6940cd844,delivered,-7.0,74.9,16.96,91.86,computers_accessories,3276.0,4.0,,bom,negative,-0.5819898843765259,"wrong item, damaged product, delivery delay",wrong item,high,True,Review indicates unmet expectations, bom bom bom. bom bom . bom bom in the U.S. State Department .
8adafb3466daa5395694d3a906ff9d40,5,871cfa7d587b8305a5a0e376866323ef,973f21788dfab357250f69a8dcb7ddee,b7919647bde69acc948baa47823d6c75,delivered,-37.0,28.0,8.34,36.34,sports_leisure,4851.0,3.0,,"recebi 5 anilhas, faltou apenas 1 de 3kg",negative,-0.9334688186645508,"missing parts, delivery delay, wrong item",missing parts,low,True,Review indicates unmet expectations," Anilhas recebi 5 anilhas, faltou apenas 1 de 3kg ."
c3a071b5ca0f9c693c5276d4dcf7fdcf,5,0302c3fcf5e2d9526e243db50d30d5e3,6806dad1da97bfb5a9038eac6881f706,2b7b9574c7e5ce266ee57ebd7a5ca094,delivered,-15.0,24.0,18.27,42.27,housewares,8250.0,4.0,envio r√°pido,muito bom o produto. muito caro o frete.,negative,-0.98859041929245,"damaged product, product quality, wrong item",damaged product,high,True,Review indicates unmet expectations, Muito bom o produto. muito caro o frete .
a66196d313e431749d0ac48fe827ab1b,1,a35a9f46dcee0a67c8c7ad8493eb4135,85d9eb9ddc5d00ca9336a2219c97bb13,ec9a7d378b0d04898043ca0bbd08da11,delivered,-20.0,24.9,16.36,41.26,computers_accessories,2378.0,3.0,recomendo,normal,positive,0.9916048049926758,"price/value, customer service, product quality",none,medium,False,, CNN.com will feature iReporter photos in a weekly Travel Snapshots gallery . Please submit your best shots for next week's gallery of snapshots of normal life in New York City .
88bf5b4aa46a6a1db2d81f68b8983a42,1,d42c1eec0891869c034f031ec9b81ecc,ca3bd7cd9f149df75950150d010fe4a2,6b53c8e698ffdea3353ba3339aacfa95,delivered,8.0,34.2,22.93,57.13,housewares,37500.0,1.0,,mais de m√™s e o produto n√£o foi entregue.,negative,-0.9589403867721558,"delivery delay, missing parts, damaged product",delivery delay,medium,True,Delivery delay: 8 days, O produto n√£o foi entregue. mais de m√™s e o produto noveveu. maiai .
6f2849e42b2d61384f499ab4bc2a5206,1,525f8fbde09c9bf777025c3141fbbc6e,8b321bb669392f5163d04c59e235e066,a190f4bbd7900a0fc820f0be7cbbded1,delivered,-11.0,35.9,50.85,86.75,air_conditioning,3872.0,5.0,,chegou antes do prazo e √≥timo produto.,negative,-0.9458736181259155,"product quality, delivery delay, customer service",product quality,medium,True,Review indicates unmet expectations, Chegou antes do prazo e √≥timo produto. chegou .
ad850e69fce9a512ada84086651a2e7d,6,6d0a373c460a041c86167a92a5d3383e,77530e9772f57a62c906e1c21538ab82,30bb84b541c96af98ba7d90b9ebf35d0,delivered,-6.0,299.0,33.24,332.24,furniture_decor,8349.0,5.0,,tudo conforme previsto.,negative,-0.9107739925384521,"product quality, customer service, price/value",product quality,medium,False,, tudo conforme to conforme previsto. pudo conformo previsti. tudo conformede to the requirements of the government .
709757992cd81f180be8b5555ea266f5,2,656e0eca68dcecf6a31b8ececfabe3e8,e9bc59e7b60fc3063eb2290deda4cced,9f802ab5f514faec889b810d1bf187bf,shipped,,65.9,18.56,84.46000000000001,computers_accessories,2808.0,1.0,,nao recebi o produto,negative,-0.9235230088233948,"refund/return, product quality, wrong item",refund/return,medium,True,Review indicates unmet expectations, O. nao recebi o produto do produto produto . O produto nao receivebi dolelelei dolei .
e26a762d72841db1944e70176311fa6a,1,8c8eb9eb2e47ade1a343cd00f81cbd52,b6d44737c043328708f6749c2dbe50bd,2ce2c13f72120c9922b3045cc28010db,delivered,-13.0,59.9,20.15,80.05,housewares,15680.0,5.0,,"muito bom o produto, a entrega foi feita antes do prazo! eu recomendo!",positive,0.9076570272445679,"damaged product, delivery delay, wrong item",none,low,True,," muito bom o produto, a entrega foi feita antes do prazo! eu recomendo!"
